date,asset_id,total_readings,running_readings,utilization_percentage
2025-07-01,ASSET000001,100,78,78.0
2025-07-01,ASSET000002,100,68,68.0
2025-07-01,ASSET000003,100,71,71.0
2025-07-01,ASSET000004,100,69,69.0
2025-07-01,ASSET000005,100,72,72.0
2025-07-01,ASSET000006,100,81,81.0
2025-07-01,ASSET000007,100,71,71.0
2025-07-01,ASSET000008,100,80,80.0
2025-07-01,ASSET000009,100,77,77.0
2025-07-01,ASSET000010,100,72,72.0
2025-07-01,ASSET000011,100,64,64.0
2025-07-01,ASSET000012,100,71,71.0
2025-07-01,ASSET000013,100,71,71.0
2025-07-01,ASSET000014,100,69,69.0
2025-07-01,ASSET000015,100,69,69.0
2025-07-01,ASSET000016,100,60,60.0
2025-07-01,ASSET000017,100,76,76.0
2025-07-01,ASSET000018,100,65,65.0
2025-07-01,ASSET000019,100,73,73.0
2025-07-01,ASSET000020,100,66,66.0
2025-07-01,ASSET000021,100,70,70.0
2025-07-01,ASSET000022,100,72,72.0
2025-07-01,ASSET000023,100,67,67.0
2025-07-01,ASSET000024,100,68,68.0
2025-07-01,ASSET000025,100,72,72.0
2025-07-01,ASSET000026,100,70,70.0
2025-07-01,ASSET000027,100,80,80.0
2025-07-01,ASSET000028,100,76,76.0
2025-07-01,ASSET000029,100,66,66.0
2025-07-01,ASSET000030,100,73,73.0
2025-07-01,ASSET000031,100,69,69.0
2025-07-01,ASSET000032,100,74,74.0
2025-07-01,ASSET000033,100,70,70.0
2025-07-01,ASSET000034,100,78,78.0
2025-07-01,ASSET000035,100,67,67.0
2025-07-01,ASSET000036,100,66,66.0
2025-07-01,ASSET000037,100,73,73.0
2025-07-01,ASSET000038,100,78,78.0
2025-07-01,ASSET000039,100,67,67.0
2025-07-01,ASSET000040,100,70,70.0
2025-07-01,ASSET000041,100,68,68.0
2025-07-01,ASSET000042,100,74,74.0
2025-07-01,ASSET000043,100,73,73.0
2025-07-01,ASSET000044,100,61,61.0
2025-07-01,ASSET000045,100,70,70.0
2025-07-01,ASSET000046,100,67,67.0
2025-07-01,ASSET000047,100,70,70.0
2025-07-01,ASSET000048,100,66,66.0
2025-07-01,ASSET000049,100,61,61.0
2025-07-01,ASSET000050,100,71,71.0
2025-07-01,ASSET000051,100,68,68.0
2025-07-01,ASSET000052,100,67,67.0
2025-07-01,ASSET000053,100,63,63.0
2025-07-01,ASSET000054,100,67,67.0
2025-07-01,ASSET000055,100,67,67.0
2025-07-01,ASSET000056,100,65,65.0
2025-07-01,ASSET000057,100,75,75.0
2025-07-01,ASSET000058,100,74,74.0
2025-07-01,ASSET000059,100,73,73.0
2025-07-01,ASSET000060,100,62,62.0
2025-07-01,ASSET000061,100,80,80.0
2025-07-01,ASSET000062,100,80,80.0
2025-07-01,ASSET000063,100,67,67.0
2025-07-01,ASSET000064,100,67,67.0
2025-07-01,ASSET000065,100,74,74.0
2025-07-01,ASSET000066,100,74,74.0
2025-07-01,ASSET000067,100,78,78.0
2025-07-01,ASSET000068,100,63,63.0
2025-07-01,ASSET000069,100,77,77.0
2025-07-01,ASSET000070,100,75,75.0
2025-07-01,ASSET000071,100,69,69.0
2025-07-01,ASSET000072,100,66,66.0
2025-07-01,ASSET000073,100,68,68.0
2025-07-01,ASSET000074,100,69,69.0
2025-07-01,ASSET000075,100,66,66.0
2025-07-01,ASSET000076,100,63,63.0
2025-07-01,ASSET000077,100,70,70.0
2025-07-01,ASSET000078,100,67,67.0
2025-07-01,ASSET000079,100,66,66.0
2025-07-01,ASSET000080,100,62,62.0
2025-07-01,ASSET000081,100,69,69.0
2025-07-01,ASSET000082,100,63,63.0
2025-07-01,ASSET000083,100,66,66.0
2025-07-01,ASSET000084,100,73,73.0
2025-07-01,ASSET000085,100,60,60.0
2025-07-01,ASSET000086,100,70,70.0
2025-07-01,ASSET000087,100,72,72.0
2025-07-01,ASSET000088,100,66,66.0
2025-07-01,ASSET000089,100,72,72.0
2025-07-01,ASSET000090,100,76,76.0
2025-07-01,ASSET000091,100,73,73.0
2025-07-01,ASSET000092,100,77,77.0
2025-07-01,ASSET000093,100,68,68.0
2025-07-01,ASSET000094,100,74,74.0
2025-07-01,ASSET000095,100,77,77.0
2025-07-01,ASSET000096,100,74,74.0
2025-07-01,ASSET000097,100,69,69.0
2025-07-01,ASSET000098,100,77,77.0
2025-07-01,ASSET000099,100,69,69.0
2025-07-01,ASSET000100,100,72,72.0
2025-07-01,ASSET000101,100,68,68.0
2025-07-01,ASSET000102,100,67,67.0
2025-07-01,ASSET000103,100,68,68.0
2025-07-01,ASSET000104,100,72,72.0
2025-07-01,ASSET000105,100,66,66.0
2025-07-01,ASSET000106,100,70,70.0
2025-07-01,ASSET000107,100,69,69.0
2025-07-01,ASSET000108,100,65,65.0
2025-07-01,ASSET000109,100,70,70.0
2025-07-01,ASSET000110,100,66,66.0
2025-07-01,ASSET000111,100,69,69.0
2025-07-01,ASSET000112,100,70,70.0
2025-07-01,ASSET000113,100,61,61.0
2025-07-01,ASSET000114,100,78,78.0
2025-07-01,ASSET000115,100,72,72.0
2025-07-01,ASSET000116,100,68,68.0
2025-07-01,ASSET000117,100,64,64.0
2025-07-01,ASSET000118,100,70,70.0
2025-07-01,ASSET000119,100,65,65.0
2025-07-01,ASSET000120,100,73,73.0
2025-07-01,ASSET000121,100,63,63.0
2025-07-01,ASSET000122,100,68,68.0
2025-07-01,ASSET000123,100,68,68.0
2025-07-01,ASSET000124,100,70,70.0
2025-07-01,ASSET000125,100,65,65.0
2025-07-01,ASSET000126,100,77,77.0
2025-07-01,ASSET000127,100,72,72.0
2025-07-01,ASSET000128,100,72,72.0
2025-07-01,ASSET000129,100,74,74.0
2025-07-01,ASSET000130,100,73,73.0
2025-07-01,ASSET000131,100,63,63.0
2025-07-01,ASSET000132,100,67,67.0
2025-07-01,ASSET000133,100,80,80.0
2025-07-01,ASSET000134,100,64,64.0
2025-07-01,ASSET000135,100,65,65.0
2025-07-01,ASSET000136,100,76,76.0
2025-07-01,ASSET000137,100,77,77.0
2025-07-01,ASSET000138,100,65,65.0
2025-07-01,ASSET000139,100,72,72.0
2025-07-01,ASSET000140,100,72,72.0
2025-07-01,ASSET000141,100,72,72.0
2025-07-01,ASSET000142,100,66,66.0
2025-07-01,ASSET000143,100,70,70.0
2025-07-01,ASSET000144,100,71,71.0
2025-07-01,ASSET000145,100,74,74.0
2025-07-01,ASSET000146,100,68,68.0
2025-07-01,ASSET000147,100,63,63.0
2025-07-01,ASSET000148,100,72,72.0
2025-07-01,ASSET000149,100,64,64.0
2025-07-01,ASSET000150,100,78,78.0
2025-07-01,ASSET000151,100,65,65.0
2025-07-01,ASSET000152,100,66,66.0
2025-07-01,ASSET000153,100,66,66.0
2025-07-01,ASSET000154,100,72,72.0
2025-07-01,ASSET000155,100,77,77.0
2025-07-01,ASSET000156,100,76,76.0
2025-07-01,ASSET000157,100,75,75.0
2025-07-01,ASSET000158,100,77,77.0
2025-07-01,ASSET000159,100,74,74.0
2025-07-01,ASSET000160,100,65,65.0
2025-07-01,ASSET000161,100,77,77.0
2025-07-01,ASSET000162,100,73,73.0
2025-07-01,ASSET000163,100,76,76.0
2025-07-01,ASSET000164,100,67,67.0
2025-07-01,ASSET000165,100,72,72.0
2025-07-01,ASSET000166,100,65,65.0
2025-07-01,ASSET000167,100,76,76.0
2025-07-01,ASSET000168,100,74,74.0
2025-07-01,ASSET000169,100,70,70.0
2025-07-01,ASSET000170,100,81,81.0
2025-07-01,ASSET000171,100,60,60.0
2025-07-01,ASSET000172,100,73,73.0
2025-07-01,ASSET000173,100,63,63.0
2025-07-01,ASSET000174,100,69,69.0
2025-07-01,ASSET000175,100,67,67.0
2025-07-01,ASSET000176,100,69,69.0
2025-07-01,ASSET000177,100,62,62.0
2025-07-01,ASSET000178,100,63,63.0
2025-07-01,ASSET000179,100,73,73.0
2025-07-01,ASSET000180,100,73,73.0
2025-07-01,ASSET000181,100,78,78.0
2025-07-01,ASSET000182,100,79,79.0
2025-07-01,ASSET000183,100,64,64.0
2025-07-01,ASSET000184,100,73,73.0
2025-07-01,ASSET000185,100,79,79.0
2025-07-01,ASSET000186,100,71,71.0
2025-07-01,ASSET000187,100,70,70.0
2025-07-01,ASSET000188,100,71,71.0
2025-07-01,ASSET000189,100,73,73.0
2025-07-01,ASSET000190,100,69,69.0
2025-07-01,ASSET000191,100,65,65.0
2025-07-01,ASSET000192,100,70,70.0
2025-07-01,ASSET000193,100,70,70.0
2025-07-01,ASSET000194,100,66,66.0
2025-07-01,ASSET000195,100,66,66.0
2025-07-01,ASSET000196,100,71,71.0
2025-07-01,ASSET000197,100,68,68.0
2025-07-01,ASSET000198,100,65,65.0
2025-07-01,ASSET000199,100,65,65.0
2025-07-01,ASSET000200,100,79,79.0
2025-07-01,ASSET000201,100,75,75.0
2025-07-01,ASSET000202,100,74,74.0
2025-07-01,ASSET000203,100,57,57.0
2025-07-01,ASSET000204,100,75,75.0
2025-07-01,ASSET000205,100,69,69.0
2025-07-01,ASSET000206,100,59,59.0
2025-07-01,ASSET000207,100,73,73.0
2025-07-01,ASSET000208,100,72,72.0
2025-07-01,ASSET000209,100,65,65.0
2025-07-01,ASSET000210,100,70,70.0
2025-07-01,ASSET000211,100,67,67.0
2025-07-01,ASSET000212,100,65,65.0
2025-07-01,ASSET000213,100,76,76.0
2025-07-01,ASSET000214,100,67,67.0
2025-07-01,ASSET000215,100,76,76.0
2025-07-01,ASSET000216,100,75,75.0
2025-07-01,ASSET000217,100,73,73.0
2025-07-01,ASSET000218,100,70,70.0
2025-07-01,ASSET000219,100,67,67.0
2025-07-01,ASSET000220,100,64,64.0
2025-07-01,ASSET000221,100,62,62.0
2025-07-01,ASSET000222,100,68,68.0
2025-07-01,ASSET000223,100,67,67.0
2025-07-01,ASSET000224,100,69,69.0
2025-07-01,ASSET000225,100,63,63.0
2025-07-01,ASSET000226,100,70,70.0
2025-07-01,ASSET000227,100,67,67.0
2025-07-01,ASSET000228,100,67,67.0
2025-07-01,ASSET000229,100,70,70.0
2025-07-01,ASSET000230,100,68,68.0
2025-07-01,ASSET000231,100,69,69.0
2025-07-01,ASSET000232,100,65,65.0
2025-07-01,ASSET000233,100,74,74.0
2025-07-01,ASSET000234,100,72,72.0
2025-07-01,ASSET000235,100,60,60.0
2025-07-01,ASSET000236,100,74,74.0
2025-07-01,ASSET000237,100,70,70.0
2025-07-01,ASSET000238,100,71,71.0
2025-07-01,ASSET000239,100,76,76.0
2025-07-01,ASSET000240,100,65,65.0
2025-07-01,ASSET000241,100,76,76.0
2025-07-01,ASSET000242,100,77,77.0
2025-07-01,ASSET000243,100,70,70.0
2025-07-01,ASSET000244,100,68,68.0
2025-07-01,ASSET000245,100,73,73.0
2025-07-01,ASSET000246,100,70,70.0
2025-07-01,ASSET000247,100,71,71.0
2025-07-01,ASSET000248,100,75,75.0
2025-07-01,ASSET000249,100,69,69.0
2025-07-01,ASSET000250,100,72,72.0
2025-07-01,ASSET000251,100,72,72.0
2025-07-01,ASSET000252,100,76,76.0
2025-07-01,ASSET000253,100,74,74.0
2025-07-01,ASSET000254,100,68,68.0
2025-07-01,ASSET000255,100,66,66.0
2025-07-01,ASSET000256,100,69,69.0
2025-07-01,ASSET000257,100,73,73.0
2025-07-01,ASSET000258,100,75,75.0
2025-07-01,ASSET000259,100,72,72.0
2025-07-01,ASSET000260,100,71,71.0
2025-07-01,ASSET000261,100,69,69.0
2025-07-01,ASSET000262,100,74,74.0
2025-07-01,ASSET000263,100,69,69.0
2025-07-01,ASSET000264,100,64,64.0
2025-07-01,ASSET000265,100,76,76.0
2025-07-01,ASSET000266,100,69,69.0
2025-07-01,ASSET000267,100,65,65.0
2025-07-01,ASSET000268,100,62,62.0
2025-07-01,ASSET000269,100,62,62.0
2025-07-01,ASSET000270,100,72,72.0
2025-07-01,ASSET000271,100,76,76.0
2025-07-01,ASSET000272,100,70,70.0
2025-07-01,ASSET000273,100,66,66.0
2025-07-01,ASSET000274,100,70,70.0
2025-07-01,ASSET000275,100,59,59.0
2025-07-01,ASSET000276,100,74,74.0
2025-07-01,ASSET000277,100,64,64.0
2025-07-01,ASSET000278,100,72,72.0
2025-07-01,ASSET000279,100,72,72.0
2025-07-01,ASSET000280,100,75,75.0
2025-07-01,ASSET000281,100,75,75.0
2025-07-01,ASSET000282,100,70,70.0
2025-07-01,ASSET000283,100,81,81.0
2025-07-01,ASSET000284,100,80,80.0
2025-07-01,ASSET000285,100,63,63.0
2025-07-01,ASSET000286,100,74,74.0
2025-07-01,ASSET000287,100,72,72.0
2025-07-01,ASSET000288,100,70,70.0
2025-07-01,ASSET000289,100,76,76.0
2025-07-01,ASSET000290,100,62,62.0
2025-07-01,ASSET000291,100,63,63.0
2025-07-01,ASSET000292,100,73,73.0
2025-07-01,ASSET000293,100,67,67.0
2025-07-01,ASSET000294,100,57,57.0
2025-07-01,ASSET000295,100,62,62.0
2025-07-01,ASSET000296,100,68,68.0
2025-07-01,ASSET000297,100,71,71.0
2025-07-01,ASSET000298,100,71,71.0
2025-07-01,ASSET000299,100,72,72.0
2025-07-01,ASSET000300,100,73,73.0
2025-07-01,ASSET000301,100,69,69.0
2025-07-01,ASSET000302,100,70,70.0
2025-07-01,ASSET000303,100,66,66.0
2025-07-01,ASSET000304,100,67,67.0
2025-07-01,ASSET000305,100,68,68.0
2025-07-01,ASSET000306,100,75,75.0
2025-07-01,ASSET000307,100,79,79.0
2025-07-01,ASSET000308,100,76,76.0
2025-07-01,ASSET000309,100,70,70.0
2025-07-01,ASSET000310,100,75,75.0
2025-07-01,ASSET000311,100,68,68.0
2025-07-01,ASSET000312,100,71,71.0
2025-07-01,ASSET000313,100,72,72.0
2025-07-01,ASSET000314,100,75,75.0
2025-07-01,ASSET000315,100,73,73.0
2025-07-01,ASSET000316,100,77,77.0
2025-07-01,ASSET000317,100,59,59.0
2025-07-01,ASSET000318,100,73,73.0
2025-07-01,ASSET000319,100,73,73.0
2025-07-01,ASSET000320,100,69,69.0
2025-07-01,ASSET000321,100,72,72.0
2025-07-01,ASSET000322,100,65,65.0
2025-07-01,ASSET000323,100,70,70.0
2025-07-01,ASSET000324,100,63,63.0
2025-07-01,ASSET000325,100,75,75.0
2025-07-01,ASSET000326,100,61,61.0
2025-07-01,ASSET000327,100,68,68.0
2025-07-01,ASSET000328,100,73,73.0
2025-07-01,ASSET000329,100,75,75.0
2025-07-01,ASSET000330,100,82,82.0
2025-07-01,ASSET000331,100,72,72.0
2025-07-01,ASSET000332,100,78,78.0
2025-07-01,ASSET000333,100,69,69.0
2025-07-01,ASSET000334,100,61,61.0
2025-07-01,ASSET000335,100,68,68.0
2025-07-01,ASSET000336,100,74,74.0
2025-07-01,ASSET000337,100,74,74.0
2025-07-01,ASSET000338,100,77,77.0
2025-07-01,ASSET000339,100,67,67.0
2025-07-01,ASSET000340,100,70,70.0
2025-07-01,ASSET000341,100,75,75.0
2025-07-01,ASSET000342,100,61,61.0
2025-07-01,ASSET000343,100,77,77.0
2025-07-01,ASSET000344,100,69,69.0
2025-07-01,ASSET000345,100,74,74.0
2025-07-01,ASSET000346,100,72,72.0
2025-07-01,ASSET000347,100,62,62.0
2025-07-01,ASSET000348,100,75,75.0
2025-07-01,ASSET000349,100,76,76.0
2025-07-01,ASSET000350,100,74,74.0
2025-07-01,ASSET000351,100,66,66.0
2025-07-01,ASSET000352,100,65,65.0
2025-07-01,ASSET000353,100,70,70.0
2025-07-01,ASSET000354,100,74,74.0
2025-07-01,ASSET000355,100,57,57.0
2025-07-01,ASSET000356,100,70,70.0
2025-07-01,ASSET000357,100,66,66.0
2025-07-01,ASSET000358,100,62,62.0
2025-07-01,ASSET000359,100,65,65.0
2025-07-01,ASSET000360,100,67,67.0
2025-07-01,ASSET000361,100,70,70.0
2025-07-01,ASSET000362,100,69,69.0
2025-07-01,ASSET000363,100,66,66.0
2025-07-01,ASSET000364,100,66,66.0
2025-07-01,ASSET000365,100,76,76.0
2025-07-01,ASSET000366,100,69,69.0
2025-07-01,ASSET000367,100,69,69.0
2025-07-01,ASSET000368,100,74,74.0
2025-07-01,ASSET000369,100,73,73.0
2025-07-01,ASSET000370,100,74,74.0
2025-07-01,ASSET000371,100,65,65.0
2025-07-01,ASSET000372,100,81,81.0
2025-07-01,ASSET000373,100,70,70.0
2025-07-01,ASSET000374,100,71,71.0
2025-07-01,ASSET000375,100,73,73.0
2025-07-01,ASSET000376,100,73,73.0
2025-07-01,ASSET000377,100,72,72.0
2025-07-01,ASSET000378,100,70,70.0
2025-07-01,ASSET000379,100,73,73.0
2025-07-01,ASSET000380,100,79,79.0
2025-07-01,ASSET000381,100,68,68.0
2025-07-01,ASSET000382,100,61,61.0
2025-07-01,ASSET000383,100,63,63.0
2025-07-01,ASSET000384,100,63,63.0
2025-07-01,ASSET000385,100,79,79.0
2025-07-01,ASSET000386,100,73,73.0
2025-07-01,ASSET000387,100,70,70.0
2025-07-01,ASSET000388,100,62,62.0
2025-07-01,ASSET000389,100,70,70.0
2025-07-01,ASSET000390,100,78,78.0
2025-07-01,ASSET000391,100,67,67.0
2025-07-01,ASSET000392,100,72,72.0
2025-07-01,ASSET000393,100,72,72.0
2025-07-01,ASSET000394,100,66,66.0
2025-07-01,ASSET000395,100,70,70.0
2025-07-01,ASSET000396,100,67,67.0
2025-07-01,ASSET000397,100,73,73.0
2025-07-01,ASSET000398,100,75,75.0
2025-07-01,ASSET000399,100,67,67.0
2025-07-01,ASSET000400,100,65,65.0
2025-07-01,ASSET000401,100,79,79.0
2025-07-01,ASSET000402,100,73,73.0
2025-07-01,ASSET000403,100,77,77.0
2025-07-01,ASSET000404,100,80,80.0
2025-07-01,ASSET000405,100,65,65.0
2025-07-01,ASSET000406,100,80,80.0
2025-07-01,ASSET000407,100,74,74.0
2025-07-01,ASSET000408,100,70,70.0
2025-07-01,ASSET000409,100,67,67.0
2025-07-01,ASSET000410,100,73,73.0
2025-07-01,ASSET000411,100,71,71.0
2025-07-01,ASSET000412,100,72,72.0
2025-07-01,ASSET000413,100,70,70.0
2025-07-01,ASSET000414,100,61,61.0
2025-07-01,ASSET000415,100,66,66.0
2025-07-01,ASSET000416,100,74,74.0
2025-07-01,ASSET000417,100,72,72.0
2025-07-01,ASSET000418,100,71,71.0
2025-07-01,ASSET000419,100,73,73.0
2025-07-01,ASSET000420,100,73,73.0
2025-07-01,ASSET000421,100,74,74.0
2025-07-01,ASSET000422,100,72,72.0
2025-07-01,ASSET000423,100,74,74.0
2025-07-01,ASSET000424,100,72,72.0
2025-07-01,ASSET000425,100,69,69.0
2025-07-01,ASSET000426,100,66,66.0
2025-07-01,ASSET000427,100,72,72.0
2025-07-01,ASSET000428,100,67,67.0
2025-07-01,ASSET000429,100,59,59.0
2025-07-01,ASSET000430,100,73,73.0
2025-07-01,ASSET000431,100,71,71.0
2025-07-01,ASSET000432,100,62,62.0
2025-07-01,ASSET000433,100,75,75.0
2025-07-01,ASSET000434,100,68,68.0
2025-07-01,ASSET000435,100,67,67.0
2025-07-01,ASSET000436,100,67,67.0
2025-07-01,ASSET000437,100,75,75.0
2025-07-01,ASSET000438,100,61,61.0
2025-07-01,ASSET000439,100,70,70.0
2025-07-01,ASSET000440,100,79,79.0
2025-07-01,ASSET000441,100,75,75.0
2025-07-01,ASSET000442,100,69,69.0
2025-07-01,ASSET000443,100,78,78.0
2025-07-01,ASSET000444,100,65,65.0
2025-07-01,ASSET000445,100,70,70.0
2025-07-01,ASSET000446,100,77,77.0
2025-07-01,ASSET000447,100,73,73.0
2025-07-01,ASSET000448,100,65,65.0
2025-07-01,ASSET000449,100,68,68.0
2025-07-01,ASSET000450,100,63,63.0
2025-07-01,ASSET000451,100,73,73.0
2025-07-01,ASSET000452,100,63,63.0
2025-07-01,ASSET000453,100,75,75.0
2025-07-01,ASSET000454,100,68,68.0
2025-07-01,ASSET000455,100,75,75.0
2025-07-01,ASSET000456,100,66,66.0
2025-07-01,ASSET000457,100,73,73.0
2025-07-01,ASSET000458,100,76,76.0
2025-07-01,ASSET000459,100,71,71.0
2025-07-01,ASSET000460,100,72,72.0
2025-07-01,ASSET000461,100,62,62.0
2025-07-01,ASSET000462,100,59,59.0
2025-07-01,ASSET000463,100,73,73.0
2025-07-01,ASSET000464,100,74,74.0
2025-07-01,ASSET000465,100,64,64.0
2025-07-01,ASSET000466,100,75,75.0
2025-07-01,ASSET000467,100,76,76.0
2025-07-01,ASSET000468,100,63,63.0
2025-07-01,ASSET000469,100,68,68.0
2025-07-01,ASSET000470,100,67,67.0
2025-07-01,ASSET000471,100,66,66.0
2025-07-01,ASSET000472,100,68,68.0
2025-07-01,ASSET000473,100,73,73.0
2025-07-01,ASSET000474,100,65,65.0
2025-07-01,ASSET000475,100,70,70.0
2025-07-01,ASSET000476,100,71,71.0
2025-07-01,ASSET000477,100,65,65.0
2025-07-01,ASSET000478,100,69,69.0
2025-07-01,ASSET000479,100,74,74.0
2025-07-01,ASSET000480,100,62,62.0
2025-07-01,ASSET000481,100,68,68.0
2025-07-01,ASSET000482,100,67,67.0
2025-07-01,ASSET000483,100,69,69.0
2025-07-01,ASSET000484,100,69,69.0
2025-07-01,ASSET000485,100,68,68.0
2025-07-01,ASSET000486,100,70,70.0
2025-07-01,ASSET000487,100,74,74.0
2025-07-01,ASSET000488,100,76,76.0
2025-07-01,ASSET000489,100,67,67.0
2025-07-01,ASSET000490,100,70,70.0
2025-07-01,ASSET000491,100,75,75.0
2025-07-01,ASSET000492,100,62,62.0
2025-07-01,ASSET000493,100,76,76.0
2025-07-01,ASSET000494,100,65,65.0
2025-07-01,ASSET000495,100,65,65.0
2025-07-01,ASSET000496,100,73,73.0
2025-07-01,ASSET000497,100,70,70.0
2025-07-01,ASSET000498,100,64,64.0
2025-07-01,ASSET000499,100,75,75.0
2025-07-01,ASSET000500,100,65,65.0
2025-07-01,ASSET000501,100,70,70.0
2025-07-01,ASSET000502,100,76,76.0
2025-07-01,ASSET000503,100,76,76.0
2025-07-01,ASSET000504,100,73,73.0
2025-07-01,ASSET000505,100,71,71.0
2025-07-01,ASSET000506,100,69,69.0
2025-07-01,ASSET000507,100,68,68.0
2025-07-01,ASSET000508,100,73,73.0
2025-07-01,ASSET000509,100,66,66.0
2025-07-01,ASSET000510,100,62,62.0
2025-07-01,ASSET000511,100,77,77.0
2025-07-01,ASSET000512,100,71,71.0
2025-07-01,ASSET000513,100,65,65.0
2025-07-01,ASSET000514,100,71,71.0
2025-07-01,ASSET000515,100,72,72.0
2025-07-01,ASSET000516,100,73,73.0
2025-07-01,ASSET000517,100,69,69.0
2025-07-01,ASSET000518,100,70,70.0
2025-07-01,ASSET000519,100,74,74.0
2025-07-01,ASSET000520,100,60,60.0
2025-07-01,ASSET000521,100,64,64.0
2025-07-01,ASSET000522,100,68,68.0
2025-07-01,ASSET000523,100,71,71.0
2025-07-01,ASSET000524,100,73,73.0
2025-07-01,ASSET000525,100,72,72.0
2025-07-01,ASSET000526,100,64,64.0
2025-07-01,ASSET000527,100,59,59.0
2025-07-01,ASSET000528,100,72,72.0
2025-07-01,ASSET000529,100,64,64.0
2025-07-01,ASSET000530,100,69,69.0
2025-07-01,ASSET000531,100,68,68.0
2025-07-01,ASSET000532,100,80,80.0
2025-07-01,ASSET000533,100,70,70.0
2025-07-01,ASSET000534,100,69,69.0
2025-07-01,ASSET000535,100,77,77.0
2025-07-01,ASSET000536,100,73,73.0
2025-07-01,ASSET000537,100,71,71.0
2025-07-01,ASSET000538,100,71,71.0
2025-07-01,ASSET000539,100,64,64.0
2025-07-01,ASSET000540,100,70,70.0
2025-07-01,ASSET000541,100,68,68.0
2025-07-01,ASSET000542,100,68,68.0
2025-07-01,ASSET000543,100,68,68.0
2025-07-01,ASSET000544,100,77,77.0
2025-07-01,ASSET000545,100,70,70.0
2025-07-01,ASSET000546,100,71,71.0
2025-07-01,ASSET000547,100,73,73.0
2025-07-01,ASSET000548,100,68,68.0
2025-07-01,ASSET000549,100,68,68.0
2025-07-01,ASSET000550,100,72,72.0
2025-07-01,ASSET000551,100,69,69.0
2025-07-01,ASSET000552,100,67,67.0
2025-07-01,ASSET000553,100,70,70.0
2025-07-01,ASSET000554,100,67,67.0
2025-07-01,ASSET000555,100,70,70.0
2025-07-01,ASSET000556,100,70,70.0
2025-07-01,ASSET000557,100,68,68.0
2025-07-01,ASSET000558,100,68,68.0
2025-07-01,ASSET000559,100,71,71.0
2025-07-01,ASSET000560,100,76,76.0
2025-07-01,ASSET000561,100,70,70.0
2025-07-01,ASSET000562,100,72,72.0
2025-07-01,ASSET000563,100,73,73.0
2025-07-01,ASSET000564,100,83,83.0
2025-07-01,ASSET000565,100,70,70.0
2025-07-01,ASSET000566,100,69,69.0
2025-07-01,ASSET000567,100,70,70.0
2025-07-01,ASSET000568,100,73,73.0
2025-07-01,ASSET000569,100,68,68.0
2025-07-01,ASSET000570,100,70,70.0
2025-07-01,ASSET000571,100,63,63.0
2025-07-01,ASSET000572,100,67,67.0
2025-07-01,ASSET000573,100,76,76.0
2025-07-01,ASSET000574,100,75,75.0
2025-07-01,ASSET000575,100,75,75.0
2025-07-01,ASSET000576,100,81,81.0
2025-07-01,ASSET000577,100,78,78.0
2025-07-01,ASSET000578,100,66,66.0
2025-07-01,ASSET000579,100,70,70.0
2025-07-01,ASSET000580,100,72,72.0
2025-07-01,ASSET000581,100,67,67.0
2025-07-01,ASSET000582,100,73,73.0
2025-07-01,ASSET000583,100,71,71.0
2025-07-01,ASSET000584,100,70,70.0
2025-07-01,ASSET000585,100,70,70.0
2025-07-01,ASSET000586,100,70,70.0
2025-07-01,ASSET000587,100,77,77.0
2025-07-01,ASSET000588,100,72,72.0
2025-07-01,ASSET000589,100,68,68.0
2025-07-01,ASSET000590,100,69,69.0
2025-07-01,ASSET000591,100,73,73.0
2025-07-01,ASSET000592,100,70,70.0
2025-07-01,ASSET000593,100,70,70.0
2025-07-01,ASSET000594,100,71,71.0
2025-07-01,ASSET000595,100,66,66.0
2025-07-01,ASSET000596,100,74,74.0
2025-07-01,ASSET000597,100,68,68.0
2025-07-01,ASSET000598,100,70,70.0
2025-07-01,ASSET000599,100,73,73.0
2025-07-01,ASSET000600,100,66,66.0
2025-07-01,ASSET000601,100,70,70.0
2025-07-01,ASSET000602,100,65,65.0
2025-07-01,ASSET000603,100,70,70.0
2025-07-01,ASSET000604,100,70,70.0
2025-07-01,ASSET000605,100,67,67.0
2025-07-01,ASSET000606,100,74,74.0
2025-07-01,ASSET000607,100,74,74.0
2025-07-01,ASSET000608,100,69,69.0
2025-07-01,ASSET000609,100,69,69.0
2025-07-01,ASSET000610,100,72,72.0
2025-07-01,ASSET000611,100,70,70.0
2025-07-01,ASSET000612,100,72,72.0
2025-07-01,ASSET000613,100,65,65.0
2025-07-01,ASSET000614,100,67,67.0
2025-07-01,ASSET000615,100,70,70.0
2025-07-01,ASSET000616,100,64,64.0
2025-07-01,ASSET000617,100,78,78.0
2025-07-01,ASSET000618,100,79,79.0
2025-07-01,ASSET000619,100,66,66.0
2025-07-01,ASSET000620,100,71,71.0
2025-07-01,ASSET000621,100,72,72.0
2025-07-01,ASSET000622,100,72,72.0
2025-07-01,ASSET000623,100,73,73.0
2025-07-01,ASSET000624,100,73,73.0
2025-07-01,ASSET000625,100,73,73.0
2025-07-01,ASSET000626,100,65,65.0
2025-07-01,ASSET000627,100,63,63.0
2025-07-01,ASSET000628,100,74,74.0
2025-07-01,ASSET000629,100,70,70.0
2025-07-01,ASSET000630,100,77,77.0
2025-07-01,ASSET000631,100,76,76.0
2025-07-01,ASSET000632,100,74,74.0
2025-07-01,ASSET000633,100,73,73.0
2025-07-01,ASSET000634,100,70,70.0
2025-07-01,ASSET000635,100,75,75.0
2025-07-01,ASSET000636,100,78,78.0
2025-07-01,ASSET000637,100,70,70.0
2025-07-01,ASSET000638,100,64,64.0
2025-07-01,ASSET000639,100,67,67.0
2025-07-01,ASSET000640,100,75,75.0
2025-07-01,ASSET000641,100,60,60.0
2025-07-01,ASSET000642,100,66,66.0
2025-07-01,ASSET000643,100,75,75.0
2025-07-01,ASSET000644,100,68,68.0
2025-07-01,ASSET000645,100,72,72.0
2025-07-01,ASSET000646,100,76,76.0
2025-07-01,ASSET000647,100,71,71.0
2025-07-01,ASSET000648,100,65,65.0
2025-07-01,ASSET000649,100,73,73.0
2025-07-01,ASSET000650,100,63,63.0
2025-07-01,ASSET000651,100,66,66.0
2025-07-01,ASSET000652,100,71,71.0
2025-07-01,ASSET000653,100,70,70.0
2025-07-01,ASSET000654,100,76,76.0
2025-07-01,ASSET000655,100,74,74.0
2025-07-01,ASSET000656,100,70,70.0
2025-07-01,ASSET000657,100,71,71.0
2025-07-01,ASSET000658,100,73,73.0
2025-07-01,ASSET000659,100,69,69.0
2025-07-01,ASSET000660,100,60,60.0
2025-07-01,ASSET000661,100,66,66.0
2025-07-01,ASSET000662,100,69,69.0
2025-07-01,ASSET000663,100,76,76.0
2025-07-01,ASSET000664,100,73,73.0
2025-07-01,ASSET000665,100,77,77.0
2025-07-01,ASSET000666,100,69,69.0
2025-07-01,ASSET000667,100,64,64.0
2025-07-01,ASSET000668,100,66,66.0
2025-07-01,ASSET000669,100,62,62.0
2025-07-01,ASSET000670,100,65,65.0
2025-07-01,ASSET000671,100,69,69.0
2025-07-01,ASSET000672,100,73,73.0
2025-07-01,ASSET000673,100,71,71.0
2025-07-01,ASSET000674,100,64,64.0
2025-07-01,ASSET000675,100,68,68.0
2025-07-01,ASSET000676,100,72,72.0
2025-07-01,ASSET000677,100,71,71.0
2025-07-01,ASSET000678,100,71,71.0
2025-07-01,ASSET000679,100,72,72.0
2025-07-01,ASSET000680,100,71,71.0
2025-07-01,ASSET000681,100,70,70.0
2025-07-01,ASSET000682,100,71,71.0
2025-07-01,ASSET000683,100,68,68.0
2025-07-01,ASSET000684,100,62,62.0
2025-07-01,ASSET000685,100,68,68.0
2025-07-01,ASSET000686,100,72,72.0
2025-07-01,ASSET000687,100,78,78.0
2025-07-01,ASSET000688,100,75,75.0
2025-07-01,ASSET000689,100,68,68.0
2025-07-01,ASSET000690,100,72,72.0
2025-07-01,ASSET000691,100,74,74.0
2025-07-01,ASSET000692,100,68,68.0
2025-07-01,ASSET000693,100,75,75.0
2025-07-01,ASSET000694,100,68,68.0
2025-07-01,ASSET000695,100,79,79.0
2025-07-01,ASSET000696,100,74,74.0
2025-07-01,ASSET000697,100,75,75.0
2025-07-01,ASSET000698,100,75,75.0
2025-07-01,ASSET000699,100,63,63.0
2025-07-01,ASSET000700,100,79,79.0
2025-07-01,ASSET000701,100,70,70.0
2025-07-01,ASSET000702,100,64,64.0
2025-07-01,ASSET000703,100,70,70.0
2025-07-01,ASSET000704,100,66,66.0
2025-07-01,ASSET000705,100,65,65.0
2025-07-01,ASSET000706,100,75,75.0
2025-07-01,ASSET000707,100,71,71.0
2025-07-01,ASSET000708,100,66,66.0
2025-07-01,ASSET000709,100,69,69.0
2025-07-01,ASSET000710,100,70,70.0
2025-07-01,ASSET000711,100,68,68.0
2025-07-01,ASSET000712,100,64,64.0
2025-07-01,ASSET000713,100,75,75.0
2025-07-01,ASSET000714,100,60,60.0
2025-07-01,ASSET000715,100,73,73.0
2025-07-01,ASSET000716,100,70,70.0
2025-07-01,ASSET000717,100,77,77.0
2025-07-01,ASSET000718,100,61,61.0
2025-07-01,ASSET000719,100,73,73.0
2025-07-01,ASSET000720,100,73,73.0
2025-07-01,ASSET000721,100,65,65.0
2025-07-01,ASSET000722,100,69,69.0
2025-07-01,ASSET000723,100,67,67.0
2025-07-01,ASSET000724,100,67,67.0
2025-07-01,ASSET000725,100,72,72.0
2025-07-01,ASSET000726,100,69,69.0
2025-07-01,ASSET000727,100,65,65.0
2025-07-01,ASSET000728,100,69,69.0
2025-07-01,ASSET000729,100,75,75.0
2025-07-01,ASSET000730,100,67,67.0
2025-07-01,ASSET000731,100,76,76.0
2025-07-01,ASSET000732,100,80,80.0
2025-07-01,ASSET000733,100,68,68.0
2025-07-01,ASSET000734,100,65,65.0
2025-07-01,ASSET000735,100,68,68.0
2025-07-01,ASSET000736,100,66,66.0
2025-07-01,ASSET000737,100,69,69.0
2025-07-01,ASSET000738,100,64,64.0
2025-07-01,ASSET000739,100,73,73.0
2025-07-01,ASSET000740,100,67,67.0
2025-07-01,ASSET000741,100,66,66.0
2025-07-01,ASSET000742,100,75,75.0
2025-07-01,ASSET000743,100,62,62.0
2025-07-01,ASSET000744,100,66,66.0
2025-07-01,ASSET000745,100,73,73.0
2025-07-01,ASSET000746,100,67,67.0
2025-07-01,ASSET000747,100,77,77.0
2025-07-01,ASSET000748,100,73,73.0
2025-07-01,ASSET000749,100,70,70.0
2025-07-01,ASSET000750,100,76,76.0
2025-07-01,ASSET000751,100,70,70.0
2025-07-01,ASSET000752,100,72,72.0
2025-07-01,ASSET000753,100,69,69.0
2025-07-01,ASSET000754,100,67,67.0
2025-07-01,ASSET000755,100,70,70.0
2025-07-01,ASSET000756,100,72,72.0
2025-07-01,ASSET000757,100,64,64.0
2025-07-01,ASSET000758,100,66,66.0
2025-07-01,ASSET000759,100,70,70.0
2025-07-01,ASSET000760,100,72,72.0
2025-07-01,ASSET000761,100,70,70.0
2025-07-01,ASSET000762,100,66,66.0
2025-07-01,ASSET000763,100,71,71.0
2025-07-01,ASSET000764,100,69,69.0
2025-07-01,ASSET000765,100,68,68.0
2025-07-01,ASSET000766,100,75,75.0
2025-07-01,ASSET000767,100,79,79.0
2025-07-01,ASSET000768,100,69,69.0
2025-07-01,ASSET000769,100,71,71.0
2025-07-01,ASSET000770,100,71,71.0
2025-07-01,ASSET000771,100,72,72.0
2025-07-01,ASSET000772,100,68,68.0
2025-07-01,ASSET000773,100,71,71.0
2025-07-01,ASSET000774,100,77,77.0
2025-07-01,ASSET000775,100,83,83.0
2025-07-01,ASSET000776,100,75,75.0
2025-07-01,ASSET000777,100,77,77.0
2025-07-01,ASSET000778,100,72,72.0
2025-07-01,ASSET000779,100,69,69.0
2025-07-01,ASSET000780,100,63,63.0
2025-07-01,ASSET000781,100,71,71.0
2025-07-01,ASSET000782,100,68,68.0
2025-07-01,ASSET000783,100,70,70.0
2025-07-01,ASSET000784,100,71,71.0
2025-07-01,ASSET000785,100,68,68.0
2025-07-01,ASSET000786,100,74,74.0
2025-07-01,ASSET000787,100,72,72.0
2025-07-01,ASSET000788,100,72,72.0
2025-07-01,ASSET000789,100,68,68.0
2025-07-01,ASSET000790,100,76,76.0
2025-07-01,ASSET000791,100,74,74.0
2025-07-01,ASSET000792,100,63,63.0
2025-07-01,ASSET000793,100,78,78.0
2025-07-01,ASSET000794,100,72,72.0
2025-07-01,ASSET000795,100,71,71.0
2025-07-01,ASSET000796,100,71,71.0
2025-07-01,ASSET000797,100,71,71.0
2025-07-01,ASSET000798,100,67,67.0
2025-07-01,ASSET000799,100,73,73.0
2025-07-01,ASSET000800,100,74,74.0
2025-07-01,ASSET000801,100,70,70.0
2025-07-01,ASSET000802,100,74,74.0
2025-07-01,ASSET000803,100,67,67.0
2025-07-01,ASSET000804,100,70,70.0
2025-07-01,ASSET000805,100,79,79.0
2025-07-01,ASSET000806,100,69,69.0
2025-07-01,ASSET000807,100,76,76.0
2025-07-01,ASSET000808,100,76,76.0
2025-07-01,ASSET000809,100,68,68.0
2025-07-01,ASSET000810,100,76,76.0
2025-07-01,ASSET000811,100,72,72.0
2025-07-01,ASSET000812,100,81,81.0
2025-07-01,ASSET000813,100,76,76.0
2025-07-01,ASSET000814,100,70,70.0
2025-07-01,ASSET000815,100,72,72.0
2025-07-01,ASSET000816,100,78,78.0
2025-07-01,ASSET000817,100,65,65.0
2025-07-01,ASSET000818,100,61,61.0
2025-07-01,ASSET000819,100,63,63.0
2025-07-01,ASSET000820,100,65,65.0
2025-07-01,ASSET000821,100,66,66.0
2025-07-01,ASSET000822,100,72,72.0
2025-07-01,ASSET000823,100,65,65.0
2025-07-01,ASSET000824,100,74,74.0
2025-07-01,ASSET000825,100,66,66.0
2025-07-01,ASSET000826,100,72,72.0
2025-07-01,ASSET000827,100,67,67.0
2025-07-01,ASSET000828,100,69,69.0
2025-07-01,ASSET000829,100,67,67.0
2025-07-01,ASSET000830,100,66,66.0
2025-07-01,ASSET000831,100,66,66.0
2025-07-01,ASSET000832,100,75,75.0
2025-07-01,ASSET000833,100,69,69.0
2025-07-01,ASSET000834,100,62,62.0
2025-07-01,ASSET000835,100,60,60.0
2025-07-01,ASSET000836,100,71,71.0
2025-07-01,ASSET000837,100,69,69.0
2025-07-01,ASSET000838,100,77,77.0
2025-07-01,ASSET000839,100,78,78.0
2025-07-01,ASSET000840,100,69,69.0
2025-07-01,ASSET000841,100,70,70.0
2025-07-01,ASSET000842,100,66,66.0
2025-07-01,ASSET000843,100,68,68.0
2025-07-01,ASSET000844,100,70,70.0
2025-07-01,ASSET000845,100,67,67.0
2025-07-01,ASSET000846,100,67,67.0
2025-07-01,ASSET000847,100,77,77.0
2025-07-01,ASSET000848,100,74,74.0
2025-07-01,ASSET000849,100,80,80.0
2025-07-01,ASSET000850,100,72,72.0
2025-07-01,ASSET000851,100,66,66.0
2025-07-01,ASSET000852,100,74,74.0
2025-07-01,ASSET000853,100,74,74.0
2025-07-01,ASSET000854,100,59,59.0
2025-07-01,ASSET000855,100,71,71.0
2025-07-01,ASSET000856,100,76,76.0
2025-07-01,ASSET000857,100,71,71.0
2025-07-01,ASSET000858,100,70,70.0
2025-07-01,ASSET000859,100,74,74.0
2025-07-01,ASSET000860,100,72,72.0
2025-07-01,ASSET000861,100,71,71.0
2025-07-01,ASSET000862,100,68,68.0
2025-07-01,ASSET000863,100,72,72.0
2025-07-01,ASSET000864,100,69,69.0
2025-07-01,ASSET000865,100,69,69.0
2025-07-01,ASSET000866,100,69,69.0
2025-07-01,ASSET000867,100,63,63.0
2025-07-01,ASSET000868,100,71,71.0
2025-07-01,ASSET000869,100,72,72.0
2025-07-01,ASSET000870,100,70,70.0
2025-07-01,ASSET000871,100,67,67.0
2025-07-01,ASSET000872,100,65,65.0
2025-07-01,ASSET000873,100,59,59.0
2025-07-01,ASSET000874,100,72,72.0
2025-07-01,ASSET000875,100,67,67.0
2025-07-01,ASSET000876,100,70,70.0
2025-07-01,ASSET000877,100,70,70.0
2025-07-01,ASSET000878,100,71,71.0
2025-07-01,ASSET000879,100,67,67.0
2025-07-01,ASSET000880,100,69,69.0
2025-07-01,ASSET000881,100,66,66.0
2025-07-01,ASSET000882,100,66,66.0
2025-07-01,ASSET000883,100,70,70.0
2025-07-01,ASSET000884,100,71,71.0
2025-07-01,ASSET000885,100,61,61.0
2025-07-01,ASSET000886,100,82,82.0
2025-07-01,ASSET000887,100,69,69.0
2025-07-01,ASSET000888,100,62,62.0
2025-07-01,ASSET000889,100,75,75.0
2025-07-01,ASSET000890,100,64,64.0
2025-07-01,ASSET000891,100,77,77.0
2025-07-01,ASSET000892,100,71,71.0
2025-07-01,ASSET000893,100,67,67.0
2025-07-01,ASSET000894,100,70,70.0
2025-07-01,ASSET000895,100,68,68.0
2025-07-01,ASSET000896,100,62,62.0
2025-07-01,ASSET000897,100,67,67.0
2025-07-01,ASSET000898,100,68,68.0
2025-07-01,ASSET000899,100,69,69.0
2025-07-01,ASSET000900,100,74,74.0
2025-07-01,ASSET000901,100,64,64.0
2025-07-01,ASSET000902,100,73,73.0
2025-07-01,ASSET000903,100,69,69.0
2025-07-01,ASSET000904,100,78,78.0
2025-07-01,ASSET000905,100,71,71.0
2025-07-01,ASSET000906,100,70,70.0
2025-07-01,ASSET000907,100,66,66.0
2025-07-01,ASSET000908,100,71,71.0
2025-07-01,ASSET000909,100,74,74.0
2025-07-01,ASSET000910,100,65,65.0
2025-07-01,ASSET000911,100,71,71.0
2025-07-01,ASSET000912,100,70,70.0
2025-07-01,ASSET000913,100,68,68.0
2025-07-01,ASSET000914,100,76,76.0
2025-07-01,ASSET000915,100,71,71.0
2025-07-01,ASSET000916,100,69,69.0
2025-07-01,ASSET000917,100,67,67.0
2025-07-01,ASSET000918,100,67,67.0
2025-07-01,ASSET000919,100,70,70.0
2025-07-01,ASSET000920,100,75,75.0
2025-07-01,ASSET000921,100,69,69.0
2025-07-01,ASSET000922,100,64,64.0
2025-07-01,ASSET000923,100,72,72.0
2025-07-01,ASSET000924,100,74,74.0
2025-07-01,ASSET000925,100,73,73.0
2025-07-01,ASSET000926,100,73,73.0
2025-07-01,ASSET000927,100,77,77.0
2025-07-01,ASSET000928,100,68,68.0
2025-07-01,ASSET000929,100,73,73.0
2025-07-01,ASSET000930,100,64,64.0
2025-07-01,ASSET000931,100,70,70.0
2025-07-01,ASSET000932,100,72,72.0
2025-07-01,ASSET000933,100,74,74.0
2025-07-01,ASSET000934,100,71,71.0
2025-07-01,ASSET000935,100,77,77.0
2025-07-01,ASSET000936,100,75,75.0
2025-07-01,ASSET000937,100,68,68.0
2025-07-01,ASSET000938,100,68,68.0
2025-07-01,ASSET000939,100,71,71.0
2025-07-01,ASSET000940,100,73,73.0
2025-07-01,ASSET000941,100,64,64.0
2025-07-01,ASSET000942,100,70,70.0
2025-07-01,ASSET000943,100,63,63.0
2025-07-01,ASSET000944,100,73,73.0
2025-07-01,ASSET000945,100,77,77.0
2025-07-01,ASSET000946,100,67,67.0
2025-07-01,ASSET000947,100,71,71.0
2025-07-01,ASSET000948,100,68,68.0
2025-07-01,ASSET000949,100,67,67.0
2025-07-01,ASSET000950,100,66,66.0
2025-07-01,ASSET000951,100,68,68.0
2025-07-01,ASSET000952,100,66,66.0
2025-07-01,ASSET000953,100,69,69.0
2025-07-01,ASSET000954,100,75,75.0
2025-07-01,ASSET000955,100,71,71.0
2025-07-01,ASSET000956,100,68,68.0
2025-07-01,ASSET000957,100,68,68.0
2025-07-01,ASSET000958,100,71,71.0
2025-07-01,ASSET000959,100,75,75.0
2025-07-01,ASSET000960,100,77,77.0
2025-07-01,ASSET000961,100,71,71.0
2025-07-01,ASSET000962,100,75,75.0
2025-07-01,ASSET000963,100,78,78.0
2025-07-01,ASSET000964,100,70,70.0
2025-07-01,ASSET000965,100,74,74.0
2025-07-01,ASSET000966,100,66,66.0
2025-07-01,ASSET000967,100,71,71.0
2025-07-01,ASSET000968,100,73,73.0
2025-07-01,ASSET000969,100,67,67.0
2025-07-01,ASSET000970,100,73,73.0
2025-07-01,ASSET000971,100,62,62.0
2025-07-01,ASSET000972,100,69,69.0
2025-07-01,ASSET000973,100,68,68.0
2025-07-01,ASSET000974,100,60,60.0
2025-07-01,ASSET000975,100,72,72.0
2025-07-01,ASSET000976,100,63,63.0
2025-07-01,ASSET000977,100,66,66.0
2025-07-01,ASSET000978,100,72,72.0
2025-07-01,ASSET000979,100,75,75.0
2025-07-01,ASSET000980,100,66,66.0
2025-07-01,ASSET000981,100,69,69.0
2025-07-01,ASSET000982,100,66,66.0
2025-07-01,ASSET000983,100,66,66.0
2025-07-01,ASSET000984,100,75,75.0
2025-07-01,ASSET000985,100,66,66.0
2025-07-01,ASSET000986,100,70,70.0
2025-07-01,ASSET000987,100,72,72.0
2025-07-01,ASSET000988,100,77,77.0
2025-07-01,ASSET000989,100,55,55.0
2025-07-01,ASSET000990,100,79,79.0
2025-07-01,ASSET000991,100,73,73.0
2025-07-01,ASSET000992,100,70,70.0
2025-07-01,ASSET000993,100,65,65.0
2025-07-01,ASSET000994,100,68,68.0
2025-07-01,ASSET000995,100,67,67.0
2025-07-01,ASSET000996,100,69,69.0
2025-07-01,ASSET000997,100,70,70.0
2025-07-01,ASSET000998,100,69,69.0
2025-07-01,ASSET000999,100,66,66.0
2025-07-01,ASSET001000,100,67,67.0
2025-07-01,ASSET001001,100,73,73.0
2025-07-01,ASSET001002,100,72,72.0
2025-07-01,ASSET001003,100,72,72.0
2025-07-01,ASSET001004,100,67,67.0
2025-07-01,ASSET001005,100,64,64.0
2025-07-01,ASSET001006,100,69,69.0
2025-07-01,ASSET001007,100,64,64.0
2025-07-01,ASSET001008,100,73,73.0
2025-07-01,ASSET001009,100,74,74.0
2025-07-01,ASSET001010,100,79,79.0
2025-07-01,ASSET001011,100,62,62.0
2025-07-01,ASSET001012,100,74,74.0
2025-07-01,ASSET001013,100,70,70.0
2025-07-01,ASSET001014,100,73,73.0
2025-07-01,ASSET001015,100,72,72.0
2025-07-01,ASSET001016,100,67,67.0
2025-07-01,ASSET001017,100,71,71.0
2025-07-01,ASSET001018,100,72,72.0
2025-07-01,ASSET001019,100,76,76.0
2025-07-01,ASSET001020,100,68,68.0
2025-07-01,ASSET001021,100,79,79.0
2025-07-01,ASSET001022,100,74,74.0
2025-07-01,ASSET001023,100,76,76.0
2025-07-01,ASSET001024,100,65,65.0
2025-07-01,ASSET001025,100,68,68.0
2025-07-01,ASSET001026,100,68,68.0
2025-07-01,ASSET001027,100,70,70.0
2025-07-01,ASSET001028,100,76,76.0
2025-07-01,ASSET001029,100,75,75.0
2025-07-01,ASSET001030,100,73,73.0
2025-07-01,ASSET001031,100,73,73.0
2025-07-01,ASSET001032,100,66,66.0
2025-07-01,ASSET001033,100,72,72.0
2025-07-01,ASSET001034,100,72,72.0
2025-07-01,ASSET001035,100,64,64.0
2025-07-01,ASSET001036,100,68,68.0
2025-07-01,ASSET001037,100,70,70.0
2025-07-01,ASSET001038,100,67,67.0
2025-07-01,ASSET001039,100,73,73.0
2025-07-01,ASSET001040,100,62,62.0
2025-07-01,ASSET001041,100,71,71.0
2025-07-01,ASSET001042,100,70,70.0
2025-07-01,ASSET001043,100,69,69.0
2025-07-01,ASSET001044,100,75,75.0
2025-07-01,ASSET001045,100,71,71.0
2025-07-01,ASSET001046,100,75,75.0
2025-07-01,ASSET001047,100,68,68.0
2025-07-01,ASSET001048,100,63,63.0
2025-07-01,ASSET001049,100,69,69.0
2025-07-01,ASSET001050,100,58,58.0
2025-07-01,ASSET001051,100,76,76.0
2025-07-01,ASSET001052,100,73,73.0
2025-07-01,ASSET001053,100,65,65.0
2025-07-01,ASSET001054,100,66,66.0
2025-07-01,ASSET001055,100,74,74.0
2025-07-01,ASSET001056,100,67,67.0
2025-07-01,ASSET001057,100,69,69.0
2025-07-01,ASSET001058,100,65,65.0
2025-07-01,ASSET001059,100,67,67.0
2025-07-01,ASSET001060,100,70,70.0
2025-07-01,ASSET001061,100,72,72.0
2025-07-01,ASSET001062,100,71,71.0
2025-07-01,ASSET001063,100,66,66.0
2025-07-01,ASSET001064,100,73,73.0
2025-07-01,ASSET001065,100,74,74.0
2025-07-01,ASSET001066,100,66,66.0
2025-07-01,ASSET001067,100,74,74.0
2025-07-01,ASSET001068,100,77,77.0
2025-07-01,ASSET001069,100,70,70.0
2025-07-01,ASSET001070,100,67,67.0
2025-07-01,ASSET001071,100,74,74.0
2025-07-01,ASSET001072,100,78,78.0
2025-07-01,ASSET001073,100,65,65.0
2025-07-01,ASSET001074,100,65,65.0
2025-07-01,ASSET001075,100,74,74.0
2025-07-01,ASSET001076,100,74,74.0
2025-07-01,ASSET001077,100,70,70.0
2025-07-01,ASSET001078,100,69,69.0
2025-07-01,ASSET001079,100,71,71.0
2025-07-01,ASSET001080,100,73,73.0
2025-07-01,ASSET001081,100,74,74.0
2025-07-01,ASSET001082,100,72,72.0
2025-07-01,ASSET001083,100,67,67.0
2025-07-01,ASSET001084,100,63,63.0
2025-07-01,ASSET001085,100,68,68.0
2025-07-01,ASSET001086,100,60,60.0
2025-07-01,ASSET001087,100,70,70.0
2025-07-01,ASSET001088,100,62,62.0
2025-07-01,ASSET001089,100,74,74.0
2025-07-01,ASSET001090,100,68,68.0
2025-07-01,ASSET001091,100,64,64.0
2025-07-01,ASSET001092,100,76,76.0
2025-07-01,ASSET001093,100,72,72.0
2025-07-01,ASSET001094,100,73,73.0
2025-07-01,ASSET001095,100,69,69.0
2025-07-01,ASSET001096,100,70,70.0
2025-07-01,ASSET001097,100,65,65.0
2025-07-01,ASSET001098,100,75,75.0
2025-07-01,ASSET001099,100,69,69.0
2025-07-01,ASSET001100,100,76,76.0
2025-07-01,ASSET001101,100,67,67.0
2025-07-01,ASSET001102,100,66,66.0
2025-07-01,ASSET001103,100,60,60.0
2025-07-01,ASSET001104,100,77,77.0
2025-07-01,ASSET001105,100,71,71.0
2025-07-01,ASSET001106,100,76,76.0
2025-07-01,ASSET001107,100,72,72.0
2025-07-01,ASSET001108,100,71,71.0
2025-07-01,ASSET001109,100,67,67.0
2025-07-01,ASSET001110,100,70,70.0
2025-07-01,ASSET001111,100,69,69.0
2025-07-01,ASSET001112,100,69,69.0
2025-07-01,ASSET001113,100,64,64.0
2025-07-01,ASSET001114,100,74,74.0
2025-07-01,ASSET001115,100,73,73.0
2025-07-01,ASSET001116,100,71,71.0
2025-07-01,ASSET001117,100,71,71.0
2025-07-01,ASSET001118,100,62,62.0
2025-07-01,ASSET001119,100,75,75.0
2025-07-01,ASSET001120,100,76,76.0
2025-07-01,ASSET001121,100,72,72.0
2025-07-01,ASSET001122,100,77,77.0
2025-07-01,ASSET001123,100,69,69.0
2025-07-01,ASSET001124,100,75,75.0
2025-07-01,ASSET001125,100,69,69.0
2025-07-01,ASSET001126,100,71,71.0
2025-07-01,ASSET001127,100,69,69.0
2025-07-01,ASSET001128,100,71,71.0
2025-07-01,ASSET001129,100,72,72.0
2025-07-01,ASSET001130,100,68,68.0
2025-07-01,ASSET001131,100,68,68.0
2025-07-01,ASSET001132,100,68,68.0
2025-07-01,ASSET001133,100,75,75.0
2025-07-01,ASSET001134,100,71,71.0
2025-07-01,ASSET001135,100,67,67.0
2025-07-01,ASSET001136,100,74,74.0
2025-07-01,ASSET001137,100,66,66.0
2025-07-01,ASSET001138,100,73,73.0
2025-07-01,ASSET001139,100,76,76.0
2025-07-01,ASSET001140,100,71,71.0
2025-07-01,ASSET001141,100,71,71.0
2025-07-01,ASSET001142,100,71,71.0
2025-07-01,ASSET001143,100,65,65.0
2025-07-01,ASSET001144,100,67,67.0
2025-07-01,ASSET001145,100,71,71.0
2025-07-01,ASSET001146,100,75,75.0
2025-07-01,ASSET001147,100,67,67.0
2025-07-01,ASSET001148,100,71,71.0
2025-07-01,ASSET001149,100,69,69.0
2025-07-01,ASSET001150,100,77,77.0
2025-07-01,ASSET001151,100,70,70.0
2025-07-01,ASSET001152,100,69,69.0
2025-07-01,ASSET001153,100,57,57.0
2025-07-01,ASSET001154,100,64,64.0
2025-07-01,ASSET001155,100,71,71.0
2025-07-01,ASSET001156,100,63,63.0
2025-07-01,ASSET001157,100,69,69.0
2025-07-01,ASSET001158,100,68,68.0
2025-07-01,ASSET001159,100,75,75.0
2025-07-01,ASSET001160,100,69,69.0
2025-07-01,ASSET001161,100,72,72.0
2025-07-01,ASSET001162,100,68,68.0
2025-07-01,ASSET001163,100,74,74.0
2025-07-01,ASSET001164,100,72,72.0
2025-07-01,ASSET001165,100,73,73.0
2025-07-01,ASSET001166,100,75,75.0
2025-07-01,ASSET001167,100,74,74.0
2025-07-01,ASSET001168,100,63,63.0
2025-07-01,ASSET001169,100,68,68.0
2025-07-01,ASSET001170,100,78,78.0
2025-07-01,ASSET001171,100,77,77.0
2025-07-01,ASSET001172,100,68,68.0
2025-07-01,ASSET001173,100,70,70.0
2025-07-01,ASSET001174,100,73,73.0
2025-07-01,ASSET001175,100,80,80.0
2025-07-01,ASSET001176,100,68,68.0
2025-07-01,ASSET001177,100,74,74.0
2025-07-01,ASSET001178,100,76,76.0
2025-07-01,ASSET001179,100,73,73.0
2025-07-01,ASSET001180,100,70,70.0
2025-07-01,ASSET001181,100,68,68.0
2025-07-01,ASSET001182,100,63,63.0
2025-07-01,ASSET001183,100,69,69.0
2025-07-01,ASSET001184,100,69,69.0
2025-07-01,ASSET001185,100,61,61.0
2025-07-01,ASSET001186,100,69,69.0
2025-07-01,ASSET001187,100,78,78.0
2025-07-01,ASSET001188,100,71,71.0
2025-07-01,ASSET001189,100,66,66.0
2025-07-01,ASSET001190,100,65,65.0
2025-07-01,ASSET001191,100,67,67.0
2025-07-01,ASSET001192,100,68,68.0
2025-07-01,ASSET001193,100,75,75.0
2025-07-01,ASSET001194,100,70,70.0
2025-07-01,ASSET001195,100,75,75.0
2025-07-01,ASSET001196,100,68,68.0
2025-07-01,ASSET001197,100,69,69.0
2025-07-01,ASSET001198,100,70,70.0
2025-07-01,ASSET001199,100,69,69.0
2025-07-01,ASSET001200,100,71,71.0
2025-07-01,ASSET001201,100,70,70.0
2025-07-01,ASSET001202,100,74,74.0
2025-07-01,ASSET001203,100,72,72.0
2025-07-01,ASSET001204,100,76,76.0
2025-07-01,ASSET001205,100,73,73.0
2025-07-01,ASSET001206,100,71,71.0
2025-07-01,ASSET001207,100,65,65.0
2025-07-01,ASSET001208,100,77,77.0
2025-07-01,ASSET001209,100,70,70.0
2025-07-01,ASSET001210,100,73,73.0
2025-07-01,ASSET001211,100,70,70.0
2025-07-01,ASSET001212,100,66,66.0
2025-07-01,ASSET001213,100,63,63.0
2025-07-01,ASSET001214,100,75,75.0
2025-07-01,ASSET001215,100,65,65.0
2025-07-01,ASSET001216,100,72,72.0
2025-07-01,ASSET001217,100,74,74.0
2025-07-01,ASSET001218,100,63,63.0
2025-07-01,ASSET001219,100,68,68.0
2025-07-01,ASSET001220,100,68,68.0
2025-07-01,ASSET001221,100,71,71.0
2025-07-01,ASSET001222,100,70,70.0
2025-07-01,ASSET001223,100,69,69.0
2025-07-01,ASSET001224,100,62,62.0
2025-07-01,ASSET001225,100,65,65.0
2025-07-01,ASSET001226,100,71,71.0
2025-07-01,ASSET001227,100,79,79.0
2025-07-01,ASSET001228,100,70,70.0
2025-07-01,ASSET001229,100,69,69.0
2025-07-01,ASSET001230,100,65,65.0
2025-07-01,ASSET001231,100,80,80.0
2025-07-01,ASSET001232,100,68,68.0
2025-07-01,ASSET001233,100,69,69.0
2025-07-01,ASSET001234,100,70,70.0
2025-07-01,ASSET001235,100,77,77.0
2025-07-01,ASSET001236,100,63,63.0
2025-07-01,ASSET001237,100,66,66.0
2025-07-01,ASSET001238,100,71,71.0
2025-07-01,ASSET001239,100,63,63.0
2025-07-01,ASSET001240,100,68,68.0
2025-07-01,ASSET001241,100,71,71.0
2025-07-01,ASSET001242,100,77,77.0
2025-07-01,ASSET001243,100,76,76.0
2025-07-01,ASSET001244,100,65,65.0
2025-07-01,ASSET001245,100,80,80.0
2025-07-01,ASSET001246,100,76,76.0
2025-07-01,ASSET001247,100,65,65.0
2025-07-01,ASSET001248,100,66,66.0
2025-07-01,ASSET001249,100,70,70.0
2025-07-01,ASSET001250,100,65,65.0
2025-07-01,ASSET001251,100,72,72.0
2025-07-01,ASSET001252,100,76,76.0
2025-07-01,ASSET001253,100,64,64.0
2025-07-01,ASSET001254,100,64,64.0
2025-07-01,ASSET001255,100,67,67.0
2025-07-01,ASSET001256,100,65,65.0
2025-07-01,ASSET001257,100,66,66.0
2025-07-01,ASSET001258,100,68,68.0
2025-07-01,ASSET001259,100,76,76.0
2025-07-01,ASSET001260,100,63,63.0
2025-07-01,ASSET001261,100,69,69.0
2025-07-01,ASSET001262,100,61,61.0
2025-07-01,ASSET001263,100,64,64.0
2025-07-01,ASSET001264,100,72,72.0
2025-07-01,ASSET001265,100,68,68.0
2025-07-01,ASSET001266,100,65,65.0
2025-07-01,ASSET001267,100,73,73.0
2025-07-01,ASSET001268,100,71,71.0
2025-07-01,ASSET001269,100,69,69.0
2025-07-01,ASSET001270,100,71,71.0
2025-07-01,ASSET001271,100,70,70.0
2025-07-01,ASSET001272,100,74,74.0
2025-07-01,ASSET001273,100,70,70.0
2025-07-01,ASSET001274,100,74,74.0
2025-07-01,ASSET001275,100,78,78.0
2025-07-01,ASSET001276,100,71,71.0
2025-07-01,ASSET001277,100,80,80.0
2025-07-01,ASSET001278,100,70,70.0
2025-07-01,ASSET001279,100,72,72.0
2025-07-01,ASSET001280,100,77,77.0
2025-07-01,ASSET001281,100,69,69.0
2025-07-01,ASSET001282,100,74,74.0
2025-07-01,ASSET001283,100,67,67.0
2025-07-01,ASSET001284,100,76,76.0
2025-07-01,ASSET001285,100,68,68.0
2025-07-01,ASSET001286,100,73,73.0
2025-07-01,ASSET001287,100,75,75.0
2025-07-01,ASSET001288,100,67,67.0
2025-07-01,ASSET001289,100,73,73.0
2025-07-01,ASSET001290,100,70,70.0
2025-07-01,ASSET001291,100,75,75.0
2025-07-01,ASSET001292,100,79,79.0
2025-07-01,ASSET001293,100,69,69.0
2025-07-01,ASSET001294,100,63,63.0
2025-07-01,ASSET001295,100,72,72.0
2025-07-01,ASSET001296,100,79,79.0
2025-07-01,ASSET001297,100,66,66.0
2025-07-01,ASSET001298,100,71,71.0
2025-07-01,ASSET001299,100,74,74.0
2025-07-01,ASSET001300,100,64,64.0
2025-07-01,ASSET001301,100,76,76.0
2025-07-01,ASSET001302,100,71,71.0
2025-07-01,ASSET001303,100,67,67.0
2025-07-01,ASSET001304,100,63,63.0
2025-07-01,ASSET001305,100,75,75.0
2025-07-01,ASSET001306,100,73,73.0
2025-07-01,ASSET001307,100,62,62.0
2025-07-01,ASSET001308,100,72,72.0
2025-07-01,ASSET001309,100,69,69.0
2025-07-01,ASSET001310,100,71,71.0
2025-07-01,ASSET001311,100,69,69.0
2025-07-01,ASSET001312,100,75,75.0
2025-07-01,ASSET001313,100,70,70.0
2025-07-01,ASSET001314,100,68,68.0
2025-07-01,ASSET001315,100,70,70.0
2025-07-01,ASSET001316,100,67,67.0
2025-07-01,ASSET001317,100,72,72.0
2025-07-01,ASSET001318,100,65,65.0
2025-07-01,ASSET001319,100,72,72.0
2025-07-01,ASSET001320,100,74,74.0
2025-07-01,ASSET001321,100,77,77.0
2025-07-01,ASSET001322,100,69,69.0
2025-07-01,ASSET001323,100,70,70.0
2025-07-01,ASSET001324,100,65,65.0
2025-07-01,ASSET001325,100,68,68.0
2025-07-01,ASSET001326,100,75,75.0
2025-07-01,ASSET001327,100,69,69.0
2025-07-01,ASSET001328,100,73,73.0
2025-07-01,ASSET001329,100,63,63.0
2025-07-01,ASSET001330,100,71,71.0
2025-07-01,ASSET001331,100,69,69.0
2025-07-01,ASSET001332,100,70,70.0
2025-07-01,ASSET001333,100,68,68.0
2025-07-01,ASSET001334,100,68,68.0
2025-07-01,ASSET001335,100,77,77.0
2025-07-01,ASSET001336,100,72,72.0
2025-07-01,ASSET001337,100,66,66.0
2025-07-01,ASSET001338,100,76,76.0
2025-07-01,ASSET001339,100,74,74.0
2025-07-01,ASSET001340,100,71,71.0
2025-07-01,ASSET001341,100,78,78.0
2025-07-01,ASSET001342,100,72,72.0
2025-07-01,ASSET001343,100,67,67.0
2025-07-01,ASSET001344,100,69,69.0
2025-07-01,ASSET001345,100,69,69.0
2025-07-01,ASSET001346,100,82,82.0
2025-07-01,ASSET001347,100,77,77.0
2025-07-01,ASSET001348,100,66,66.0
2025-07-01,ASSET001349,100,66,66.0
2025-07-01,ASSET001350,100,66,66.0
2025-07-01,ASSET001351,100,72,72.0
2025-07-01,ASSET001352,100,70,70.0
2025-07-01,ASSET001353,100,67,67.0
2025-07-01,ASSET001354,100,70,70.0
2025-07-01,ASSET001355,100,68,68.0
2025-07-01,ASSET001356,100,74,74.0
2025-07-01,ASSET001357,100,64,64.0
2025-07-01,ASSET001358,100,70,70.0
2025-07-01,ASSET001359,100,71,71.0
2025-07-01,ASSET001360,100,66,66.0
2025-07-01,ASSET001361,100,68,68.0
2025-07-01,ASSET001362,100,74,74.0
2025-07-01,ASSET001363,100,77,77.0
2025-07-01,ASSET001364,100,70,70.0
2025-07-01,ASSET001365,100,61,61.0
2025-07-01,ASSET001366,100,71,71.0
2025-07-01,ASSET001367,100,67,67.0
2025-07-01,ASSET001368,100,66,66.0
2025-07-01,ASSET001369,100,74,74.0
2025-07-01,ASSET001370,100,60,60.0
2025-07-01,ASSET001371,100,68,68.0
2025-07-01,ASSET001372,100,68,68.0
2025-07-01,ASSET001373,100,72,72.0
2025-07-01,ASSET001374,100,64,64.0
2025-07-01,ASSET001375,100,69,69.0
2025-07-01,ASSET001376,100,72,72.0
2025-07-01,ASSET001377,100,76,76.0
2025-07-01,ASSET001378,100,67,67.0
2025-07-01,ASSET001379,100,67,67.0
2025-07-01,ASSET001380,100,65,65.0
2025-07-01,ASSET001381,100,69,69.0
2025-07-01,ASSET001382,100,65,65.0
2025-07-01,ASSET001383,100,74,74.0
2025-07-01,ASSET001384,100,71,71.0
2025-07-01,ASSET001385,100,72,72.0
2025-07-01,ASSET001386,100,68,68.0
2025-07-01,ASSET001387,100,71,71.0
2025-07-01,ASSET001388,100,67,67.0
2025-07-01,ASSET001389,100,69,69.0
2025-07-01,ASSET001390,100,70,70.0
2025-07-01,ASSET001391,100,69,69.0
2025-07-01,ASSET001392,100,76,76.0
2025-07-01,ASSET001393,100,74,74.0
2025-07-01,ASSET001394,100,70,70.0
2025-07-01,ASSET001395,100,68,68.0
2025-07-01,ASSET001396,100,72,72.0
2025-07-01,ASSET001397,100,76,76.0
2025-07-01,ASSET001398,100,78,78.0
2025-07-01,ASSET001399,100,75,75.0
2025-07-01,ASSET001400,100,68,68.0
2025-07-01,ASSET001401,100,67,67.0
2025-07-01,ASSET001402,100,64,64.0
2025-07-01,ASSET001403,100,73,73.0
2025-07-01,ASSET001404,100,73,73.0
2025-07-01,ASSET001405,100,75,75.0
2025-07-01,ASSET001406,100,72,72.0
2025-07-01,ASSET001407,100,78,78.0
2025-07-01,ASSET001408,100,64,64.0
2025-07-01,ASSET001409,100,63,63.0
2025-07-01,ASSET001410,100,68,68.0
2025-07-01,ASSET001411,100,63,63.0
2025-07-01,ASSET001412,100,74,74.0
2025-07-01,ASSET001413,100,65,65.0
2025-07-01,ASSET001414,100,63,63.0
2025-07-01,ASSET001415,100,71,71.0
2025-07-01,ASSET001416,100,66,66.0
2025-07-01,ASSET001417,100,67,67.0
2025-07-01,ASSET001418,100,68,68.0
2025-07-01,ASSET001419,100,68,68.0
2025-07-01,ASSET001420,100,65,65.0
2025-07-01,ASSET001421,100,64,64.0
2025-07-01,ASSET001422,100,64,64.0
2025-07-01,ASSET001423,100,67,67.0
2025-07-01,ASSET001424,100,69,69.0
2025-07-01,ASSET001425,100,77,77.0
